dist,E
1.0,-3.82387
1.4,-5.20401
1.8,-5.41742
2.0,-5.37504
2.4,-5.20417
2.8,-5.0282
3.2,-4.89482