dist,E
1.0,-3.82432
1.4,-5.20492
1.8,-5.42175
2.0,-5.38049
2.4,-5.20753    
2.8,-5.02959
3.2,-4.89521